1;1;8,33;10,00;2023-01-01;0000-00-00;1
2;2;8,33;10,00;2023-01-01;0000-00-00;1
3;3;10,83;13,00;2023-01-01;0000-00-00;1
4;4;8,33;10,00;2023-01-01;0000-00-00;1
5;5;2,08;2,50;2023-01-01;0000-00-00;1
6;6;3,75;4,50;2023-01-01;0000-00-00;1
7;7;12,50;15,00;2023-01-01;0000-00-00;1
8;8;8,75;10,50;2023-01-01;0000-00-00;1
9;9;12,50;15,00;2023-01-01;0000-00-00;1
10;10;5,83;7,00;2023-01-01;0000-00-00;1
11;11;13,33;16,00;2023-01-01;0000-00-00;1
12;12;10,00;12,00;2023-01-01;0000-00-00;1
13;13;7,50;9,00;2023-01-01;0000-00-00;1
14;14;7,92;9,50;2023-01-01;0000-00-00;1
15;15;7,92;9,50;2023-01-01;0000-00-00;1
16;16;7,92;9,50;2023-01-01;0000-00-00;1
17;17;7,92;9,50;2023-01-01;0000-00-00;1
18;18;7,92;9,50;2023-01-01;0000-00-00;1
19;19;8,75;10,50;2023-01-01;0000-00-00;1
20;20;7,50;9,00;2023-01-01;0000-00-00;1
21;21;7,50;9,00;2023-01-01;0000-00-00;1
22;22;7,92;9,50;2023-01-01;0000-00-00;1
23;23;7,50;9,00;2023-01-01;0000-00-00;1
24;24;6,67;8,00;2023-01-01;0000-00-00;1
25;25;7,50;9,00;2023-01-01;0000-00-00;1
26;26;7,50;9,00;2023-01-01;0000-00-00;1
27;27;7,50;9,00;2023-01-01;0000-00-00;1
28;28;8,75;10,50;2023-01-01;0000-00-00;1
29;29;8,33;10,00;2023-01-01;0000-00-00;1
30;30;7,92;9,50;2023-01-01;0000-00-00;1
31;31;8,33;10,00;2023-01-01;0000-00-00;1
32;32;8,33;10,00;2023-01-01;0000-00-00;1
33;33;8,33;10,00;2023-01-01;0000-00-00;1
34;34;8,33;10,00;2023-01-01;0000-00-00;1
35;35;8,33;10,00;2023-01-01;0000-00-00;1
36;36;8,33;10,00;2023-01-01;0000-00-00;1
37;37;8,33;10,00;2023-01-01;0000-00-00;1
38;38;9,17;11,00;2023-01-01;0000-00-00;1
39;39;8,33;10,00;2023-01-01;0000-00-00;1
40;40;7,92;9,50;2023-01-01;0000-00-00;1
41;41;8,33;10,00;2023-01-01;0000-00-00;1
42;42;8,33;10,00;2023-01-01;0000-00-00;1
43;43;8,75;10,50;2023-01-01;0000-00-00;1
44;44;8,33;10,00;2023-01-01;0000-00-00;1
45;45;7,92;9,50;2023-01-01;0000-00-00;1
46;46;8,33;10,00;2023-01-01;0000-00-00;1
47;47;8,75;10,50;2023-01-01;0000-00-00;1
48;48;7,50;9,00;2023-01-01;0000-00-00;1
49;49;7,50;9,00;2023-01-01;0000-00-00;1
50;50;7,08;8,50;2023-01-01;0000-00-00;1
51;51;7,50;9,00;2023-01-01;0000-00-00;1
52;52;8,75;10,50;2023-01-01;0000-00-00;1
53;53;8,75;10,50;2023-01-01;0000-00-00;1
54;54;7,50;9,00;2023-01-01;0000-00-00;1
55;55;7,50;9,00;2023-01-01;0000-00-00;1
56;56;7,08;8,50;2023-01-01;0000-00-00;1
57;57;7,50;9,00;2023-01-01;0000-00-00;1
58;58;7,50;9,00;2023-01-01;0000-00-00;1
59;59;7,08;8,50;2023-01-01;0000-00-00;1
60;60;8,33;10,00;2023-01-01;0000-00-00;1
61;61;7,08;8,50;2023-01-01;0000-00-00;1
62;62;7,08;8,50;2023-01-01;0000-00-00;1
63;63;8,75;10,50;2023-01-01;0000-00-00;1
64;64;8,33;10,00;2023-01-01;0000-00-00;1
65;65;7,08;8,50;2023-01-01;0000-00-00;1
66;66;7,08;8,50;2023-01-01;0000-00-00;1
67;67;7,08;8,50;2023-01-01;0000-00-00;1
68;68;9,17;11,00;2023-01-01;0000-00-00;1
69;69;9,17;11,00;2023-01-01;0000-00-00;1
70;70;7,50;9,00;2023-01-01;0000-00-00;1
71;71;7,08;8,50;2023-01-01;0000-00-00;1
72;72;15,83;19,00;2023-01-01;0000-00-00;1
73;73;9,17;11,00;2023-01-01;0000-00-00;1
74;74;9,17;11,00;2023-01-01;0000-00-00;1
75;75;8,33;10,00;2023-01-01;0000-00-00;1
76;76;9,17;11,00;2023-01-01;0000-00-00;1
77;77;9,17;11,00;2023-01-01;0000-00-00;1
78;78;9,17;11,00;2023-01-01;0000-00-00;1
79;79;9,17;11,00;2023-01-01;0000-00-00;1
80;80;8,33;10,00;2023-01-01;0000-00-00;1
81;81;9,17;11,00;2023-01-01;0000-00-00;1
82;82;8,75;10,50;2023-01-01;0000-00-00;1
83;83;8,33;10,00;2023-01-01;0000-00-00;1
84;84;8,33;10,00;2023-01-01;0000-00-00;1
85;85;8,33;10,00;2023-01-01;0000-00-00;1
86;86;8,33;10,00;2023-01-01;0000-00-00;1
87;87;8,33;10,00;2023-01-01;0000-00-00;1
88;88;8,33;10,00;2023-01-01;0000-00-00;1
89;89;6,67;8,00;2023-01-01;0000-00-00;1
90;90;8,33;10,00;2023-01-01;0000-00-00;1
91;91;9,17;11,00;2023-01-01;0000-00-00;1
92;92;9,17;11,00;2023-01-01;0000-00-00;1
93;93;5,83;7,00;2023-01-01;0000-00-00;1
94;94;8,75;10,50;2023-01-01;0000-00-00;1
95;95;7,92;9,50;2023-01-01;0000-00-00;1
96;96;7,08;8,50;2023-01-01;0000-00-00;1
97;97;7,92;9,50;2023-01-01;0000-00-00;1
98;98;7,08;8,50;2023-01-01;0000-00-00;1
99;99;7,08;8,50;2023-01-01;0000-00-00;1
100;100;7,92;9,50;2023-01-01;0000-00-00;1
101;101;9,17;11,00;2023-01-01;0000-00-00;1
102;102;6,67;8,00;2023-01-01;0000-00-00;1
103;103;6,67;8,00;2023-01-01;0000-00-00;1
104;104;7,08;8,50;2023-01-01;0000-00-00;1
105;105;7,08;8,50;2023-01-01;0000-00-00;1
106;106;8,33;10,00;2023-01-01;0000-00-00;1
107;107;7,08;8,50;2023-01-01;0000-00-00;1
108;108;15,83;19,00;2023-01-01;0000-00-00;1
109;109;9,17;11,00;2023-01-01;0000-00-00;1
110;110;7,92;9,50;2023-01-01;0000-00-00;1
111;111;7,92;9,50;2023-01-01;0000-00-00;1
112;112;10,00;12,00;2023-01-01;0000-00-00;1
113;113;8,75;10,50;2023-01-01;0000-00-00;1
114;114;7,92;9,50;2023-01-01;0000-00-00;1
115;115;10,00;12,00;2023-01-01;0000-00-00;1
116;116;7,92;9,50;2023-01-01;0000-00-00;1
117;117;7,92;9,50;2023-01-01;0000-00-00;1
118;118;7,92;9,50;2023-01-01;0000-00-00;1
119;119;10,83;13,00;2023-01-01;0000-00-00;1
120;120;9,17;11,00;2023-01-01;0000-00-00;1
121;121;8,33;10,00;2023-01-01;0000-00-00;1
122;122;10,00;12,00;2023-01-01;0000-00-00;1
123;123;7,92;9,50;2023-01-01;0000-00-00;1
124;124;6,67;8,00;2023-01-01;0000-00-00;1
125;125;10,00;12,00;2023-01-01;0000-00-00;1
126;126;7,50;9,00;2023-01-01;0000-00-00;1
127;127;7,50;9,00;2023-01-01;0000-00-00;1
128;128;8,33;10,00;2023-01-01;0000-00-00;1
129;129;10,00;12,00;2023-01-01;0000-00-00;1
130;130;10,00;12,00;2023-01-01;0000-00-00;1
131;131;10,83;13,00;2023-01-01;0000-00-00;1
132;132;9,17;11,00;2023-01-01;0000-00-00;1
133;133;10,00;12,00;2023-01-01;0000-00-00;1
134;134;9,17;11,00;2023-01-01;0000-00-00;1
135;135;9,17;11,00;2023-01-01;0000-00-00;1
136;136;7,08;8,50;2023-01-01;0000-00-00;1
137;137;9,17;11,00;2023-01-01;0000-00-00;1
138;138;8,33;10,00;2023-01-01;0000-00-00;1
139;139;7,92;9,50;2023-01-01;0000-00-00;1
140;140;7,92;9,50;2023-01-01;0000-00-00;1
141;141;10,00;12,00;2023-01-01;0000-00-00;1
142;142;7,08;8,50;2023-01-01;0000-00-00;1
143;143;8,75;10,50;2023-01-01;0000-00-00;1
144;144;8,75;10,50;2023-01-01;0000-00-00;1
145;145;6,67;8,00;2023-01-01;0000-00-00;1
146;146;7,92;9,50;2023-01-01;0000-00-00;1
147;147;8,75;10,50;2023-01-01;0000-00-00;1
148;148;7,92;9,50;2023-01-01;0000-00-00;1
149;149;8,33;10,00;2023-01-01;0000-00-00;1
150;150;5,83;7,00;2023-01-01;0000-00-00;1
151;151;7,50;9,00;2023-01-01;0000-00-00;1
152;152;7,92;9,50;2023-01-01;0000-00-00;1
153;153;7,92;9,50;2023-01-01;0000-00-00;1
154;154;7,08;8,50;2023-01-01;0000-00-00;1
155;155;7,92;9,50;2023-01-01;0000-00-00;1
156;156;7,92;9,50;2023-01-01;0000-00-00;1
157;157;7,50;9,00;2023-01-01;0000-00-00;1
158;158;8,33;10,00;2023-01-01;0000-00-00;1
159;159;10,00;12,00;2023-01-01;0000-00-00;1
160;160;7,50;9,00;2023-01-01;0000-00-00;1
161;161;7,92;9,50;2023-01-01;0000-00-00;1
162;162;8,33;10,00;2023-01-01;0000-00-00;1
163;163;7,92;9,50;2023-01-01;0000-00-00;1
164;164;7,50;9,00;2023-01-01;0000-00-00;1
165;165;10,00;12,00;2023-01-01;0000-00-00;1
166;166;7,92;9,50;2023-01-01;0000-00-00;1
167;167;7,50;9,00;2023-01-01;0000-00-00;1
168;168;8,33;10,00;2023-01-01;0000-00-00;1
169;169;8,33;10,00;2023-01-01;0000-00-00;1
170;170;7,92;9,50;2023-01-01;0000-00-00;1
171;171;8,33;10,00;2023-01-01;0000-00-00;1
172;172;8,33;10,00;2023-01-01;0000-00-00;1
173;173;7,92;9,50;2023-01-01;0000-00-00;1
174;174;8,33;10,00;2023-01-01;0000-00-00;1
175;175;7,50;9,00;2023-01-01;0000-00-00;1
176;176;10,83;13,00;2023-01-01;0000-00-00;1
177;177;8,75;10,50;2023-01-01;0000-00-00;1
178;178;10,83;13,00;2023-01-01;0000-00-00;1
179;179;8,33;10,00;2023-01-01;0000-00-00;1
180;180;8,33;10,00;2023-01-01;0000-00-00;1
181;181;7,92;9,50;2023-01-01;0000-00-00;1
182;182;15,83;19,00;2023-01-01;0000-00-00;1
183;183;7,50;9,00;2023-01-01;0000-00-00;1
184;184;8,33;10,00;2023-01-01;0000-00-00;1
185;185;8,33;10,00;2023-01-01;0000-00-00;1
186;186;8,33;10,00;2023-01-01;0000-00-00;1
187;187;7,92;9,50;2023-01-01;0000-00-00;1
188;188;7,50;9,00;2023-01-01;0000-00-00;1
189;189;7,92;9,50;2023-01-01;0000-00-00;1
190;190;8,33;10,00;2023-01-01;0000-00-00;1
191;191;10,00;12,00;2023-01-01;0000-00-00;1
192;192;8,33;10,00;2023-01-01;0000-00-00;1
193;193;9,17;11,00;2023-01-01;0000-00-00;1
194;194;8,75;10,50;2023-01-01;0000-00-00;1
195;195;8,33;10,00;2023-01-01;0000-00-00;1
196;196;8,75;10,50;2023-01-01;0000-00-00;1
197;197;8,33;10,00;2023-01-01;0000-00-00;1
198;198;7,92;9,50;2023-01-01;0000-00-00;1
199;199;10,00;12,00;2023-01-01;0000-00-00;1
200;200;10,00;12,00;2023-01-01;0000-00-00;1
201;201;10,00;12,00;2023-01-01;0000-00-00;1
202;202;10,00;12,00;2023-01-01;0000-00-00;1
203;203;9,17;11,00;2023-01-01;0000-00-00;1
204;204;10,83;13,00;2023-01-01;0000-00-00;1
205;205;9,17;11,00;2023-01-01;0000-00-00;1
206;206;10,83;13,00;2023-01-01;0000-00-00;1
207;207;10,83;13,00;2023-01-01;0000-00-00;1
208;208;8,75;10,50;2023-01-01;0000-00-00;1
209;209;10,83;13,00;2023-01-01;0000-00-00;1
210;210;8,75;10,50;2023-01-01;0000-00-00;1
211;211;10,83;13,00;2023-01-01;0000-00-00;1
212;212;8,75;10,50;2023-01-01;0000-00-00;1
213;213;10,00;12,00;2023-01-01;0000-00-00;1
214;214;10,83;13,00;2023-01-01;0000-00-00;1
215;215;8,75;10,50;2023-01-01;0000-00-00;1
216;216;10,00;12,00;2023-01-01;0000-00-00;1
217;217;10,00;12,00;2023-01-01;0000-00-00;1
218;218;8,33;10,00;2023-01-01;0000-00-00;1
219;219;9,17;11,00;2023-01-01;0000-00-00;1
220;220;8,33;10,00;2023-01-01;0000-00-00;1
221;221;8,33;10,00;2023-01-01;0000-00-00;1
222;222;8,33;10,00;2023-01-01;0000-00-00;1
223;223;9,17;11,00;2023-01-01;0000-00-00;1
224;224;7,50;9,00;2023-01-01;0000-00-00;1
225;225;8,33;10,00;2023-01-01;0000-00-00;1
226;226;8,33;10,00;2023-01-01;0000-00-00;1
227;227;8,33;10,00;2023-01-01;0000-00-00;1
228;228;8,33;10,00;2023-01-01;0000-00-00;1
229;229;2,92;3,50;2023-01-01;0000-00-00;1
230;230;5,83;7,00;2023-01-01;0000-00-00;1
231;231;4,58;5,50;2023-01-01;0000-00-00;1
232;232;2,50;3,00;2023-01-01;0000-00-00;1
233;233;3,33;4,00;2023-01-01;0000-00-00;1
234;234;2,08;2,50;2023-01-01;0000-00-00;1
235;235;4,17;5,00;2023-01-01;0000-00-00;1
236;236;6,67;8,00;2023-01-01;0000-00-00;1
237;237;6,67;8,00;2023-01-01;0000-00-00;1
238;238;6,67;8,00;2023-01-01;0000-00-00;1
239;239;4,17;5,00;2023-01-01;0000-00-00;1
240;240;3,75;4,50;2023-01-01;0000-00-00;1
241;241;5,42;6,50;2023-01-01;0000-00-00;1
242;242;5,83;7,00;2023-01-01;0000-00-00;1
243;243;4,58;5,50;2023-01-01;0000-00-00;1
244;244;4,58;5,50;2023-01-01;0000-00-00;1
245;245;7,08;8,50;2023-01-01;0000-00-00;1
246;246;7,08;8,50;2023-01-01;0000-00-00;1
247;247;5,00;6,00;2023-01-01;0000-00-00;1
248;248;6,67;8,00;2023-01-01;0000-00-00;1
249;249;4,58;5,50;2023-01-01;0000-00-00;1
250;250;5,00;6,00;2023-01-01;0000-00-00;1
251;251;5,83;7,00;2023-01-01;0000-00-00;1
252;252;5,42;6,50;2023-01-01;0000-00-00;1
253;253;6,25;7,50;2023-01-01;0000-00-00;1
254;254;6,67;8,00;2023-01-01;0000-00-00;1
255;255;5,83;7,00;2023-01-01;0000-00-00;1
256;256;4,17;5,00;2023-01-01;0000-00-00;1
257;257;6,25;7,50;2023-01-01;0000-00-00;1
258;258;5,83;7,00;2023-01-01;0000-00-00;1
259;259;7,08;8,50;2023-01-01;0000-00-00;1
260;260;5,83;7,00;2023-01-01;0000-00-00;1
261;261;5,83;7,00;2023-01-01;0000-00-00;1
262;262;5,42;6,50;2023-01-01;0000-00-00;1
263;263;5,42;6,50;2023-01-01;0000-00-00;1
264;264;12,50;15,00;2023-01-01;0000-00-00;1
265;265;5,83;7,00;2023-01-01;0000-00-00;1
266;266;5,83;7,00;2023-01-01;0000-00-00;1
267;267;5,83;7,00;2023-01-01;0000-00-00;1
268;268;5,83;7,00;2023-01-01;0000-00-00;1
269;269;5,00;6,00;2023-01-01;0000-00-00;1
270;270;5,83;7,00;2023-01-01;0000-00-00;1
271;271;5,00;6,00;2023-01-01;0000-00-00;1
272;272;4,17;5,00;2023-01-01;0000-00-00;1
273;273;5,83;7,00;2023-01-01;0000-00-00;1
274;274;5,00;6,00;2023-01-01;0000-00-00;1
275;275;6,25;7,50;2023-01-01;0000-00-00;1
276;276;5,83;7,00;2023-01-01;0000-00-00;1
277;277;4,17;5,00;2023-01-01;0000-00-00;1
278;278;7,92;9,50;2023-01-01;0000-00-00;1
279;279;7,08;8,50;2023-01-01;0000-00-00;1
280;280;5,00;6,00;2023-01-01;0000-00-00;1
281;281;5,00;6,00;2023-01-01;0000-00-00;1
282;282;6,67;8,00;2023-01-01;0000-00-00;1
283;283;5,00;6,00;2023-01-01;0000-00-00;1
284;284;5,83;7,00;2023-01-01;0000-00-00;1
285;285;6,25;7,50;2023-01-01;0000-00-00;1
286;286;6,67;8,00;2023-01-01;0000-00-00;1
287;287;4,17;5,00;2023-01-01;0000-00-00;1
288;288;4,17;5,00;2023-01-01;0000-00-00;1
289;289;4,17;5,00;2023-01-01;0000-00-00;1
290;290;5,42;6,50;2023-01-01;0000-00-00;1
291;291;6,25;7,50;2023-01-01;0000-00-00;1
292;292;6,25;7,50;2023-01-01;0000-00-00;1
293;293;5,83;7,00;2023-01-01;0000-00-00;1
294;294;5,83;7,00;2023-01-01;0000-00-00;1
295;295;6,25;7,50;2023-01-01;0000-00-00;1
296;296;6,25;7,50;2023-01-01;0000-00-00;1
297;297;6,25;7,50;2023-01-01;0000-00-00;1
298;298;6,25;7,50;2023-01-01;0000-00-00;1
299;299;4,17;5,00;2023-01-01;0000-00-00;1
300;300;6,25;7,50;2023-01-01;0000-00-00;1
301;301;5,83;7,00;2023-01-01;0000-00-00;1
302;302;5,83;7,00;2023-01-01;0000-00-00;1
303;303;5,00;6,00;2023-01-01;0000-00-00;1
304;304;5,83;7,00;2023-01-01;0000-00-00;1
305;305;5,00;6,00;2023-01-01;0000-00-00;1
306;306;5,83;7,00;2023-01-01;0000-00-00;1
307;307;5,83;7,00;2023-01-01;0000-00-00;1
308;308;3,33;4,00;2023-01-01;0000-00-00;1
309;309;6,25;7,50;2023-01-01;0000-00-00;1
310;310;6,25;7,50;2023-01-01;0000-00-00;1
311;311;7,08;8,50;2023-01-01;0000-00-00;1
312;312;4,17;5,00;2023-01-01;0000-00-00;1
313;313;5,83;7,00;2023-01-01;0000-00-00;1
314;314;6,25;7,50;2023-01-01;0000-00-00;1
315;315;5,83;7,00;2023-01-01;0000-00-00;1
316;316;5,00;6,00;2023-01-01;0000-00-00;1
317;317;3,75;4,50;2023-01-01;0000-00-00;1
318;318;3,33;4,00;2023-01-01;0000-00-00;1
319;319;6,25;7,50;2023-01-01;0000-00-00;1
320;320;5,00;6,00;2023-01-01;0000-00-00;1
321;321;6,25;7,50;2023-01-01;0000-00-00;1
322;322;5,83;7,00;2023-01-01;0000-00-00;1
323;323;6,25;7,50;2023-01-01;0000-00-00;1
324;324;6,25;7,50;2023-01-01;0000-00-00;1
325;325;6,67;8,00;2023-01-01;0000-00-00;1
326;326;5,83;7,00;2023-01-01;0000-00-00;1
327;327;6,25;7,50;2023-01-01;0000-00-00;1
328;328;6,25;7,50;2023-01-01;0000-00-00;1
329;329;6,25;7,50;2023-01-01;0000-00-00;1
330;330;6,25;7,50;2023-01-01;0000-00-00;1
331;331;9,17;11,00;2023-01-01;0000-00-00;1
332;332;6,25;7,50;2023-01-01;0000-00-00;1
333;333;9,17;11,00;2023-01-01;0000-00-00;1
334;334;6,67;8,00;2023-01-01;0000-00-00;1
335;335;6,25;7,50;2023-01-01;0000-00-00;1
336;336;9,17;11,00;2023-01-01;0000-00-00;1
337;337;5,83;7,00;2023-01-01;0000-00-00;1
338;338;7,08;8,50;2023-01-01;0000-00-00;1
339;339;6,67;8,00;2023-01-01;0000-00-00;1
340;340;10,00;12,00;2023-01-01;0000-00-00;1
341;341;6,25;7,50;2023-01-01;0000-00-00;1
342;342;6,25;7,50;2023-01-01;0000-00-00;1
343;343;15,83;19,00;2023-01-01;0000-00-00;1
344;344;5,83;7,00;2023-01-01;0000-00-00;1
345;345;8,75;10,50;2023-01-01;0000-00-00;1
346;346;6,25;7,50;2023-01-01;0000-00-00;1
347;347;8,75;10,50;2023-01-01;0000-00-00;1
348;348;6,25;7,50;2023-01-01;0000-00-00;1
349;349;6,25;7,50;2023-01-01;0000-00-00;1
350;350;6,25;7,50;2023-01-01;0000-00-00;1
351;351;8,75;10,50;2023-01-01;0000-00-00;1
352;352;6,25;7,50;2023-01-01;0000-00-00;1
353;353;6,25;7,50;2023-01-01;0000-00-00;1
354;354;6,25;7,50;2023-01-01;0000-00-00;1
355;355;6,67;8,00;2023-01-01;0000-00-00;1
356;356;7,08;8,50;2023-01-01;0000-00-00;1
357;357;5,83;7,00;2023-01-01;0000-00-00;1
358;358;5,83;7,00;2023-01-01;0000-00-00;1
359;359;6,25;7,50;2023-01-01;0000-00-00;1
360;360;5,83;7,00;2023-01-01;0000-00-00;1
361;361;7,08;8,50;2023-01-01;0000-00-00;1
362;362;6,25;7,50;2023-01-01;0000-00-00;1
363;363;9,17;11,00;2023-01-01;0000-00-00;1
364;364;8,75;10,50;2023-01-01;0000-00-00;1
365;365;5,83;7,00;2023-01-01;0000-00-00;1
366;366;15,83;19,00;2023-01-01;0000-00-00;1
367;367;7,92;9,50;2023-01-01;0000-00-00;1
368;368;6,25;7,50;2023-01-01;0000-00-00;1
369;369;7,08;8,50;2023-01-01;0000-00-00;1
370;370;10,83;13,00;2023-01-01;0000-00-00;1
371;371;7,50;9,00;2023-01-01;0000-00-00;1
372;372;5,83;7,00;2023-01-01;0000-00-00;1
373;373;10,83;13,00;2023-01-01;0000-00-00;1
374;374;5,83;7,00;2023-01-01;0000-00-00;1
375;375;6,25;7,50;2023-01-01;0000-00-00;1
376;376;6,67;8,00;2023-01-01;0000-00-00;1
377;377;4,17;5,00;2023-01-01;0000-00-00;1
378;378;6,67;8,00;2023-01-01;0000-00-00;1
379;379;10,83;13,00;2023-01-01;0000-00-00;1
380;380;8,33;10,00;2023-01-01;0000-00-00;1
381;381;10,83;13,00;2023-01-01;0000-00-00;1
382;382;10,83;13,00;2023-01-01;0000-00-00;1
383;383;10,83;13,00;2023-01-01;0000-00-00;1
384;384;7,08;8,50;2023-01-01;0000-00-00;1
385;385;5,83;7,00;2023-01-01;0000-00-00;1
386;386;6,25;7,50;2023-01-01;0000-00-00;1
387;387;5,83;7,00;2023-01-01;0000-00-00;1
388;388;5,83;7,00;2023-01-01;0000-00-00;1
389;389;6,67;8,00;2023-01-01;0000-00-00;1
390;390;7,08;8,50;2023-01-01;0000-00-00;1
391;391;7,92;9,50;2023-01-01;0000-00-00;1
392;392;4,17;5,00;2023-01-01;0000-00-00;1
393;393;4,17;5,00;2023-01-01;0000-00-00;1
394;394;7,08;8,50;2023-01-01;0000-00-00;1
395;395;5,83;7,00;2023-01-01;0000-00-00;1
396;396;7,92;9,50;2023-01-01;0000-00-00;1
397;397;6,67;8,00;2023-01-01;0000-00-00;1
398;398;6,25;7,50;2023-01-01;0000-00-00;1
399;399;6,67;8,00;2023-01-01;0000-00-00;1
400;400;5,83;7,00;2023-01-01;0000-00-00;1
401;401;6,25;7,50;2023-01-01;0000-00-00;1
402;402;7,50;9,00;2023-01-01;0000-00-00;1
403;403;10,83;13,00;2023-01-01;0000-00-00;1
404;404;6,25;7,50;2023-01-01;0000-00-00;1
405;405;8,33;10,00;2023-01-01;0000-00-00;1
406;406;10,00;12,00;2023-01-01;0000-00-00;1
407;407;10,83;13,00;2023-01-01;0000-00-00;1
408;408;7,92;9,50;2023-01-01;0000-00-00;1
409;409;7,50;9,00;2023-01-01;0000-00-00;1
410;410;4,58;5,50;2023-01-01;0000-00-00;1
411;411;13,33;16,00;2023-01-01;0000-00-00;1
412;412;708,33;850,00;2023-01-01;0000-00-00;1
413;413;6,25;7,50;2023-01-01;0000-00-00;1
414;414;6,25;7,50;2023-01-01;0000-00-00;1
415;415;9,17;11,00;2023-01-01;0000-00-00;1
416;416;6,25;7,50;2023-01-01;0000-00-00;1
417;417;6,67;8,00;2023-01-01;0000-00-00;1
418;418;5,83;7,00;2023-01-01;0000-00-00;1
419;419;21,67;26,00;2023-01-01;0000-00-00;1
420;420;5,83;7,00;2023-01-01;0000-00-00;1
421;421;7,50;9,00;2023-01-01;0000-00-00;1
422;422;5,83;7,00;2023-01-01;0000-00-00;1
423;423;7,50;9,00;2023-01-01;0000-00-00;1
424;424;5,83;7,00;2023-01-01;0000-00-00;1
425;425;8,33;10,00;2023-01-01;0000-00-00;1
426;426;4,58;5,50;2023-01-01;0000-00-00;1
427;427;9,17;11,00;2023-01-01;0000-00-00;1
428;428;10,00;12,00;2023-01-01;0000-00-00;1
429;429;3,33;4,00;2023-01-01;0000-00-00;1
430;430;17,50;21,00;2023-01-01;0000-00-00;1
431;431;8,33;10,00;2023-01-01;0000-00-00;1
432;432;7,08;8,50;2023-01-01;0000-00-00;1
433;433;8,33;10,00;2023-01-01;0000-00-00;1
434;434;7,92;9,50;2023-01-01;0000-00-00;1
435;435;7,08;8,50;2023-01-01;0000-00-00;1
436;436;7,08;8,50;2023-01-01;0000-00-00;1
437;437;8,33;10,00;2023-01-01;0000-00-00;1
438;438;7,50;9,00;2023-01-01;0000-00-00;1
439;439;7,92;9,50;2023-01-01;0000-00-00;1
440;440;7,50;9,00;2023-01-01;0000-00-00;1
441;441;6,67;8,00;2023-01-01;0000-00-00;1
442;442;7,92;9,50;2023-01-01;0000-00-00;1
443;443;7,92;9,50;2023-01-01;0000-00-00;1
444;444;8,33;10,00;2023-01-01;0000-00-00;1
445;445;6,67;8,00;2023-01-01;0000-00-00;1
446;446;5,00;6,00;2023-01-01;0000-00-00;1
447;447;7,50;9,00;2023-01-01;0000-00-00;1
448;448;8,33;10,00;2023-01-01;0000-00-00;1
449;449;8,33;10,00;2023-01-01;0000-00-00;1
450;450;8,33;10,00;2023-01-01;0000-00-00;1
451;451;8,33;10,00;2023-01-01;0000-00-00;1
452;452;8,33;10,00;2023-01-01;0000-00-00;1
453;453;5,83;7,00;2023-01-01;0000-00-00;1
454;454;7,50;9,00;2023-01-01;0000-00-00;1
455;455;4,17;5,00;2023-01-01;0000-00-00;1
456;456;6,25;7,50;2023-01-01;0000-00-00;1
457;457;7,08;8,50;2023-01-01;0000-00-00;1
458;458;7,08;8,50;2023-01-01;0000-00-00;1
459;459;6,67;8,00;2023-01-01;0000-00-00;1
460;460;17,50;21,00;2023-01-01;0000-00-00;1
461;461;8,33;10,00;2023-01-01;0000-00-00;1
462;462;5,83;7,00;2023-01-01;0000-00-00;1
463;463;5,83;7,00;2023-01-01;0000-00-00;1
464;464;5,83;7,00;2023-01-01;0000-00-00;1
465;465;5,83;7,00;2023-01-01;0000-00-00;1
466;466;5,83;7,00;2023-01-01;0000-00-00;1
467;467;5,00;6,00;2023-01-01;0000-00-00;1
468;468;5,42;6,50;2023-01-01;0000-00-00;1
469;469;5,83;7,00;2023-01-01;0000-00-00;1
470;470;5,83;7,00;2023-01-01;0000-00-00;1
471;471;5,00;6,00;2023-01-01;0000-00-00;1
472;472;5,42;6,50;2023-01-01;0000-00-00;1
473;473;5,83;7,00;2023-01-01;0000-00-00;1
474;474;5,83;7,00;2023-01-01;0000-00-00;1
475;475;5,83;7,00;2023-01-01;0000-00-00;1
476;476;5,42;6,50;2023-01-01;0000-00-00;1
477;477;5,83;7,00;2023-01-01;0000-00-00;1
478;478;5,42;6,50;2023-01-01;0000-00-00;1
479;479;5,42;6,50;2023-01-01;0000-00-00;1
480;480;5,42;6,50;2023-01-01;0000-00-00;1
481;481;5,42;6,50;2023-01-01;0000-00-00;1
482;482;6,25;7,50;2023-01-01;0000-00-00;1
483;483;5,83;7,00;2023-01-01;0000-00-00;1
484;484;5,83;7,00;2023-01-01;0000-00-00;1
485;485;5,42;6,50;2023-01-01;0000-00-00;1
486;486;4,17;5,00;2023-01-01;0000-00-00;1
487;487;8,33;10,00;2023-01-01;0000-00-00;1
488;488;5,00;6,00;2023-01-01;0000-00-00;1
489;489;5,42;6,50;2023-01-01;0000-00-00;1
490;490;5,42;6,50;2023-01-01;0000-00-00;1
491;491;6,25;7,50;2023-01-01;0000-00-00;1
492;492;6,25;7,50;2023-01-01;0000-00-00;1
493;493;6,25;7,50;2023-01-01;0000-00-00;1
494;494;5,83;7,00;2023-01-01;0000-00-00;1
495;495;5,00;6,00;2023-01-01;0000-00-00;1
496;496;5,83;7,00;2023-01-01;0000-00-00;1
497;497;5,83;7,00;2023-01-01;0000-00-00;1
498;498;5,83;7,00;2023-01-01;0000-00-00;1
499;499;5,83;7,00;2023-01-01;0000-00-00;1
500;500;5,83;7,00;2023-01-01;0000-00-00;1
501;501;5,00;6,00;2023-01-01;0000-00-00;1
502;502;2,50;3,00;2023-01-01;0000-00-00;1
503;503;5,83;7,00;2023-01-01;0000-00-00;1
504;504;5,83;7,00;2023-01-01;0000-00-00;1
505;505;6,67;8,00;2023-01-01;0000-00-00;1
506;506;6,25;7,50;2023-01-01;0000-00-00;1
507;507;6,25;7,50;2023-01-01;0000-00-00;1
508;508;6,25;7,50;2023-01-01;0000-00-00;1
509;509;6,67;8,00;2023-01-01;0000-00-00;1
510;510;7,50;9,00;2023-01-01;0000-00-00;1
511;511;6,25;7,50;2023-01-01;0000-00-00;1
512;512;6,25;7,50;2023-01-01;0000-00-00;1
513;513;5,83;7,00;2023-01-01;0000-00-00;1
514;514;6,25;7,50;2023-01-01;0000-00-00;1
515;515;7,50;9,00;2023-01-01;0000-00-00;1
516;516;5,83;7,00;2023-01-01;0000-00-00;1
517;517;6,25;7,50;2023-01-01;0000-00-00;1
518;518;6,25;7,50;2023-01-01;0000-00-00;1
519;519;6,25;7,50;2023-01-01;0000-00-00;1
520;520;6,67;8,00;2023-01-01;0000-00-00;1
521;521;6,25;7,50;2023-01-01;0000-00-00;1
522;522;5,83;7,00;2023-01-01;0000-00-00;1
523;523;7,50;9,00;2023-01-01;0000-00-00;1
524;524;7,50;9,00;2023-01-01;0000-00-00;1
525;525;6,25;7,50;2023-01-01;0000-00-00;1
526;526;6,67;8,00;2023-01-01;0000-00-00;1
527;527;6,67;8,00;2023-01-01;0000-00-00;1
528;528;6,67;8,00;2023-01-01;0000-00-00;1
529;529;6,67;8,00;2023-01-01;0000-00-00;1
530;530;6,67;8,00;2023-01-01;0000-00-00;1
531;531;8,33;10,00;2023-01-01;0000-00-00;1
532;532;6,67;8,00;2023-01-01;0000-00-00;1
533;533;6,67;8,00;2023-01-01;0000-00-00;1
534;534;5,83;7,00;2023-01-01;0000-00-00;1
535;535;5,00;6,00;2023-01-01;0000-00-00;1
536;536;6,67;8,00;2023-01-01;0000-00-00;1
537;537;6,67;8,00;2023-01-01;0000-00-00;1
538;538;5,00;6,00;2023-01-01;0000-00-00;1
539;539;7,08;8,50;2023-01-01;0000-00-00;1
540;540;9,17;11,00;2023-01-01;0000-00-00;1
541;541;9,17;11,00;2023-01-01;0000-00-00;1
542;542;6,67;8,00;2023-01-01;0000-00-00;1
543;543;9,17;11,00;2023-01-01;0000-00-00;1
544;544;9,17;11,00;2023-01-01;0000-00-00;1
545;545;7,92;9,50;2023-01-01;0000-00-00;1
546;546;7,92;9,50;2023-01-01;0000-00-00;1
547;547;6,67;8,00;2023-01-01;0000-00-00;1
548;548;9,17;11,00;2023-01-01;0000-00-00;1
549;549;7,50;9,00;2023-01-01;0000-00-00;1
550;550;7,50;9,00;2023-01-01;0000-00-00;1
551;551;7,50;9,00;2023-01-01;0000-00-00;1
552;552;6,67;8,00;2023-01-01;0000-00-00;1
553;553;9,17;11,00;2023-01-01;0000-00-00;1
554;554;6,67;8,00;2023-01-01;0000-00-00;1
555;555;8,33;10,00;2023-01-01;0000-00-00;1
556;556;8,33;10,00;2023-01-01;0000-00-00;1
557;557;8,33;10,00;2023-01-01;0000-00-00;1
558;558;7,50;9,00;2023-01-01;0000-00-00;1
559;559;7,08;8,50;2023-01-01;0000-00-00;1
560;560;7,50;9,00;2023-01-01;0000-00-00;1
561;561;7,50;9,00;2023-01-01;0000-00-00;1
562;562;7,50;9,00;2023-01-01;0000-00-00;1
563;563;6,67;8,00;2023-01-01;0000-00-00;1
564;564;7,08;8,50;2023-01-01;0000-00-00;1
565;565;7,08;8,50;2023-01-01;0000-00-00;1
566;566;7,92;9,50;2023-01-01;0000-00-00;1
567;567;7,50;9,00;2023-01-01;0000-00-00;1
568;568;7,50;9,00;2023-01-01;0000-00-00;1
569;569;8,75;10,50;2023-01-01;0000-00-00;1
570;570;9,17;11,00;2023-01-01;0000-00-00;1
571;571;7,92;9,50;2023-01-01;0000-00-00;1
572;572;7,50;9,00;2023-01-01;0000-00-00;1
573;573;7,50;9,00;2023-01-01;0000-00-00;1
574;574;12,50;15,00;2023-01-01;0000-00-00;1
575;575;6,67;8,00;2023-01-01;0000-00-00;1
576;576;7,08;8,50;2023-01-01;0000-00-00;1
577;577;8,75;10,50;2023-01-01;0000-00-00;1
578;578;8,75;10,50;2023-01-01;0000-00-00;1
579;579;8,33;10,00;2023-01-01;0000-00-00;1
580;580;7,50;9,00;2023-01-01;0000-00-00;1
581;581;8,75;10,50;2023-01-01;0000-00-00;1
582;582;7,08;8,50;2023-01-01;0000-00-00;1
583;583;3,33;4,00;2023-01-01;0000-00-00;1
584;584;7,08;8,50;2023-01-01;0000-00-00;1
585;585;7,08;8,50;2023-01-01;0000-00-00;1
586;586;7,92;9,50;2023-01-01;0000-00-00;1
587;587;6,67;8,00;2023-01-01;0000-00-00;1
588;588;7,50;9,00;2023-01-01;0000-00-00;1
589;589;7,50;9,00;2023-01-01;0000-00-00;1
590;590;7,50;9,00;2023-01-01;0000-00-00;1
591;591;4,17;5,00;2023-01-01;0000-00-00;1
592;592;9,17;11,00;2023-01-01;0000-00-00;1
593;593;7,50;9,00;2023-01-01;0000-00-00;1
594;594;7,92;9,50;2023-01-01;0000-00-00;1
595;595;7,92;9,50;2023-01-01;0000-00-00;1
596;596;7,92;9,50;2023-01-01;0000-00-00;1
597;597;8,75;10,50;2023-01-01;0000-00-00;1
598;598;8,75;10,50;2023-01-01;0000-00-00;1
599;599;12,50;15,00;2023-01-01;0000-00-00;1
600;600;9,17;11,00;2023-01-01;0000-00-00;1
601;601;12,50;15,00;2023-01-01;0000-00-00;1
602;602;8,33;10,00;2023-01-01;0000-00-00;1
603;603;8,33;10,00;2023-01-01;0000-00-00;1
604;604;8,33;10,00;2023-01-01;0000-00-00;1
605;605;8,33;10,00;2023-01-01;0000-00-00;1
606;606;11,67;14,00;2023-01-01;0000-00-00;1
607;607;7,08;8,50;2023-01-01;0000-00-00;1
608;608;8,75;10,50;2023-01-01;0000-00-00;1
609;609;12,50;15,00;2023-01-01;0000-00-00;1
610;610;8,33;10,00;2023-01-01;0000-00-00;1
611;611;7,50;9,00;2023-01-01;0000-00-00;1
612;612;7,50;9,00;2023-01-01;0000-00-00;1
613;613;7,08;8,50;2023-01-01;0000-00-00;1
614;614;8,75;10,50;2023-01-01;0000-00-00;1
615;615;7,92;9,50;2023-01-01;0000-00-00;1
616;616;8,75;10,50;2023-01-01;0000-00-00;1
617;617;7,08;8,50;2023-01-01;0000-00-00;1
618;618;12,50;15,00;2023-01-01;0000-00-00;1
619;619;8,75;10,50;2023-01-01;0000-00-00;1
620;620;7,92;9,50;2023-01-01;0000-00-00;1
621;621;7,50;9,00;2023-01-01;0000-00-00;1
622;622;8,75;10,50;2023-01-01;0000-00-00;1
623;623;8,75;10,50;2023-01-01;0000-00-00;1
624;624;8,75;10,50;2023-01-01;0000-00-00;1
625;625;10,00;12,00;2023-01-01;0000-00-00;1
626;626;12,50;15,00;2023-01-01;0000-00-00;1
627;627;8,33;10,00;2023-01-01;0000-00-00;1
628;628;7,50;9,00;2023-01-01;0000-00-00;1
629;629;8,75;10,50;2023-01-01;0000-00-00;1
630;630;6,67;8,00;2023-01-01;0000-00-00;1
631;631;7,92;9,50;2023-01-01;0000-00-00;1
632;632;8,33;10,00;2023-01-01;0000-00-00;1
633;633;8,33;10,00;2023-01-01;0000-00-00;1
634;634;8,33;10,00;2023-01-01;0000-00-00;1
635;635;8,33;10,00;2023-01-01;0000-00-00;1
636;636;8,33;10,00;2023-01-01;0000-00-00;1
637;637;8,33;10,00;2023-01-01;0000-00-00;1
638;638;8,33;10,00;2023-01-01;0000-00-00;1
639;639;7,92;9,50;2023-01-01;0000-00-00;1
640;640;6,25;7,50;2023-01-01;0000-00-00;1
641;641;5,42;6,50;2023-01-01;0000-00-00;1
642;642;8,33;10,00;2023-01-01;0000-00-00;1
643;643;8,33;10,00;2023-01-01;0000-00-00;1
644;644;7,08;8,50;2023-01-01;0000-00-00;1
645;645;8,33;10,00;2023-01-01;0000-00-00;1
646;646;9,58;11,50;2023-01-01;0000-00-00;1
647;647;7,08;8,50;2023-01-01;0000-00-00;1
648;648;7,50;9,00;2023-01-01;0000-00-00;1
649;649;9,17;11,00;2023-01-01;0000-00-00;1
650;650;8,75;10,50;2023-01-01;0000-00-00;1
651;651;7,08;8,50;2023-01-01;0000-00-00;1
652;652;7,92;9,50;2023-01-01;0000-00-00;1
653;653;7,50;9,00;2023-01-01;0000-00-00;1
654;654;8,33;10,00;2023-01-01;0000-00-00;1
655;655;6,67;8,00;2023-01-01;0000-00-00;1
656;656;7,92;9,50;2023-01-01;0000-00-00;1
657;657;8,75;10,50;2023-01-01;0000-00-00;1
658;658;8,33;10,00;2023-01-01;0000-00-00;1
659;659;8,75;10,50;2023-01-01;0000-00-00;1
660;660;8,33;10,00;2023-01-01;0000-00-00;1
661;661;10,00;12,00;2023-01-01;0000-00-00;1
662;662;8,33;10,00;2023-01-01;0000-00-00;1
663;663;8,33;10,00;2023-01-01;0000-00-00;1
664;664;8,33;10,00;2023-01-01;0000-00-00;1
665;665;9,17;11,00;2023-01-01;0000-00-00;1
666;666;8,33;10,00;2023-01-01;0000-00-00;1
667;667;8,33;10,00;2023-01-01;0000-00-00;1
668;668;9,17;11,00;2023-01-01;0000-00-00;1
669;669;7,50;9,00;2023-01-01;0000-00-00;1
670;670;9,17;11,00;2023-01-01;0000-00-00;1
671;671;6,25;7,50;2023-01-01;0000-00-00;1
672;672;9,17;11,00;2023-01-01;0000-00-00;1
673;673;10,00;12,00;2023-01-01;0000-00-00;1
674;674;10,00;12,00;2023-01-01;0000-00-00;1
675;675;8,75;10,50;2023-01-01;0000-00-00;1
676;676;8,33;10,00;2023-01-01;0000-00-00;1
677;677;8,33;10,00;2023-01-01;0000-00-00;1
678;678;10,83;13,00;2023-01-01;0000-00-00;1
679;679;8,33;10,00;2023-01-01;0000-00-00;1
680;680;8,33;10,00;2023-01-01;0000-00-00;1
681;681;10,83;13,00;2023-01-01;0000-00-00;1
682;682;8,33;10,00;2023-01-01;0000-00-00;1
683;683;10,00;12,00;2023-01-01;0000-00-00;1
684;684;8,33;10,00;2023-01-01;0000-00-00;1
685;685;8,75;10,50;2023-01-01;0000-00-00;1
686;686;8,33;10,00;2023-01-01;0000-00-00;1
687;687;9,17;11,00;2023-01-01;0000-00-00;1
688;688;9,17;11,00;2023-01-01;0000-00-00;1
689;689;9,17;11,00;2023-01-01;0000-00-00;1
690;690;8,75;10,50;2023-01-01;0000-00-00;1
691;691;8,33;10,00;2023-01-01;0000-00-00;1
692;692;8,75;10,50;2023-01-01;0000-00-00;1
693;693;7,92;9,50;2023-01-01;0000-00-00;1
694;694;9,17;11,00;2023-01-01;0000-00-00;1
695;695;8,33;10,00;2023-01-01;0000-00-00;1
696;696;8,33;10,00;2023-01-01;0000-00-00;1
697;697;7,92;9,50;2023-01-01;0000-00-00;1
698;698;10,83;13,00;2023-01-01;0000-00-00;1
699;699;9,17;11,00;2023-01-01;0000-00-00;1
700;700;8,33;10,00;2023-01-01;0000-00-00;1
701;701;7,50;9,00;2023-01-01;0000-00-00;1
702;702;7,50;9,00;2023-01-01;0000-00-00;1
703;703;9,17;11,00;2023-01-01;0000-00-00;1
704;704;8,75;10,50;2023-01-01;0000-00-00;1
705;705;7,50;9,00;2023-01-01;0000-00-00;1
706;706;9,17;11,00;2023-01-01;0000-00-00;1
707;707;7,50;9,00;2023-01-01;0000-00-00;1
708;708;6,67;8,00;2023-01-01;0000-00-00;1
709;709;7,50;9,00;2023-01-01;0000-00-00;1
710;710;7,92;9,50;2023-01-01;0000-00-00;1
711;711;10,83;13,00;2023-01-01;0000-00-00;1
712;712;8,75;10,50;2023-01-01;0000-00-00;1
713;713;8,33;10,00;2023-01-01;0000-00-00;1
714;714;7,50;9,00;2023-01-01;0000-00-00;1
715;715;8,33;10,00;2023-01-01;0000-00-00;1
716;716;8,33;10,00;2023-01-01;0000-00-00;1
717;717;9,17;11,00;2023-01-01;0000-00-00;1
718;718;8,75;10,50;2023-01-01;0000-00-00;1
719;719;8,75;10,50;2023-01-01;0000-00-00;1
720;720;8,33;10,00;2023-01-01;0000-00-00;1
721;721;8,75;10,50;2023-01-01;0000-00-00;1
722;722;8,33;10,00;2023-01-01;0000-00-00;1
723;723;7,92;9,50;2023-01-01;0000-00-00;1
724;724;6,67;8,00;2023-01-01;0000-00-00;1
725;725;8,33;10,00;2023-01-01;0000-00-00;1
726;726;7,50;9,00;2023-01-01;0000-00-00;1
727;727;7,50;9,00;2023-01-01;0000-00-00;1
728;728;9,17;11,00;2023-01-01;0000-00-00;1
729;729;8,33;10,00;2023-01-01;0000-00-00;1
730;730;8,33;10,00;2023-01-01;0000-00-00;1
731;731;8,33;10,00;2023-01-01;0000-00-00;1
732;732;9,17;11,00;2023-01-01;0000-00-00;1
733;733;7,92;9,50;2023-01-01;0000-00-00;1
734;734;7,50;9,00;2023-01-01;0000-00-00;1
735;735;8,75;10,50;2023-01-01;0000-00-00;1
736;736;8,75;10,50;2023-01-01;0000-00-00;1
737;737;6,67;8,00;2023-01-01;0000-00-00;1
738;738;8,75;10,50;2023-01-01;0000-00-00;1
739;739;8,75;10,50;2023-01-01;0000-00-00;1
740;740;8,33;10,00;2023-01-01;0000-00-00;1
741;741;8,33;10,00;2023-01-01;0000-00-00;1
742;742;8,33;10,00;2023-01-01;0000-00-00;1
743;743;8,33;10,00;2023-01-01;0000-00-00;1
744;744;6,67;8,00;2023-01-01;0000-00-00;1
745;745;7,50;9,00;2023-01-01;0000-00-00;1
746;746;7,50;9,00;2023-01-01;0000-00-00;1
747;747;8,33;10,00;2023-01-01;0000-00-00;1
748;748;9,17;11,00;2023-01-01;0000-00-00;1
749;749;7,92;9,50;2023-01-01;0000-00-00;1
750;750;12,50;15,00;2023-01-01;0000-00-00;1
751;751;8,75;10,50;2023-01-01;0000-00-00;1
752;752;7,50;9,00;2023-01-01;0000-00-00;1
753;753;9,17;11,00;2023-01-01;0000-00-00;1
754;754;10,00;12,00;2023-01-01;0000-00-00;1
755;755;7,50;9,00;2023-01-01;0000-00-00;1
756;756;9,17;11,00;2023-01-01;0000-00-00;1
757;757;8,75;10,50;2023-01-01;0000-00-00;1
758;758;10,83;13,00;2023-01-01;0000-00-00;1
759;759;6,25;7,50;2023-01-01;0000-00-00;1
760;760;6,25;7,50;2023-01-01;0000-00-00;1
761;761;7,50;9,00;2023-01-01;0000-00-00;1
762;762;10,83;13,00;2023-01-01;0000-00-00;1
763;763;7,08;8,50;2023-01-01;0000-00-00;1
764;764;9,17;11,00;2023-01-01;0000-00-00;1
765;765;7,08;8,50;2023-01-01;0000-00-00;1
766;766;7,08;8,50;2023-01-01;0000-00-00;1
767;767;9,17;11,00;2023-01-01;0000-00-00;1
768;768;7,08;8,50;2023-01-01;0000-00-00;1
769;769;8,33;10,00;2023-01-01;0000-00-00;1
770;770;8,33;10,00;2023-01-01;0000-00-00;1
771;771;9,17;11,00;2023-01-01;0000-00-00;1
772;772;12,50;15,00;2023-01-01;0000-00-00;1
773;773;10,83;13,00;2023-01-01;0000-00-00;1
774;774;7,92;9,50;2023-01-01;0000-00-00;1
775;775;7,50;9,00;2023-01-01;0000-00-00;1
776;776;6,67;8,00;2023-01-01;0000-00-00;1
777;777;8,33;10,00;2023-01-01;0000-00-00;1
778;778;8,33;10,00;2023-01-01;0000-00-00;1
779;779;8,33;10,00;2023-01-01;0000-00-00;1
780;780;8,33;10,00;2023-01-01;0000-00-00;1
781;781;13,33;16,00;2023-01-01;0000-00-00;1
782;782;8,75;10,50;2023-01-01;0000-00-00;1
783;783;8,75;10,50;2023-01-01;0000-00-00;1
784;784;6,67;8,00;2023-01-01;0000-00-00;1
785;785;7,08;8,50;2023-01-01;0000-00-00;1
786;786;8,33;10,00;2023-01-01;0000-00-00;1
787;787;13,33;16,00;2023-01-01;0000-00-00;1
788;788;8,33;10,00;2023-01-01;0000-00-00;1
789;789;8,75;10,50;2023-01-01;0000-00-00;1
790;790;7,92;9,50;2023-01-01;0000-00-00;1
791;791;8,33;10,00;2023-01-01;0000-00-00;1
792;792;8,75;10,50;2023-01-01;0000-00-00;1
793;793;7,50;9,00;2023-01-01;0000-00-00;1
794;794;7,50;9,00;2023-01-01;0000-00-00;1
795;795;7,50;9,00;2023-01-01;0000-00-00;1
796;796;7,92;9,50;2023-01-01;0000-00-00;1
797;797;10,00;12,00;2023-01-01;0000-00-00;1
798;798;13,33;16,00;2023-01-01;0000-00-00;1
799;799;10,00;12,00;2023-01-01;0000-00-00;1
800;800;9,17;11,00;2023-01-01;0000-00-00;1
801;801;7,92;9,50;2023-01-01;0000-00-00;1
802;802;7,92;9,50;2023-01-01;0000-00-00;1
803;803;7,92;9,50;2023-01-01;0000-00-00;1
804;804;7,08;8,50;2023-01-01;0000-00-00;1
805;805;5,83;7,00;2023-01-01;0000-00-00;1
806;806;14,17;17,00;2023-01-01;0000-00-00;1
807;807;15,83;19,00;2023-01-01;0000-00-00;1
808;808;13,33;16,00;2023-01-01;0000-00-00;1
809;809;14,17;17,00;2023-01-01;0000-00-00;1
810;810;10,83;13,00;2023-01-01;0000-00-00;1
811;811;10,83;13,00;2023-01-01;0000-00-00;1
812;812;14,17;17,00;2023-01-01;0000-00-00;1
813;813;13,33;16,00;2023-01-01;0000-00-00;1
814;814;14,17;17,00;2023-01-01;0000-00-00;1
815;815;16,67;20,00;2023-01-01;0000-00-00;1
816;816;10,83;13,00;2023-01-01;0000-00-00;1
817;817;10,83;13,00;2023-01-01;0000-00-00;1
818;818;14,17;17,00;2023-01-01;0000-00-00;1
819;819;10,83;13,00;2023-01-01;0000-00-00;1
820;820;15,83;19,00;2023-01-01;0000-00-00;1
821;821;15,83;19,00;2023-01-01;0000-00-00;1
822;822;15,83;19,00;2023-01-01;0000-00-00;1
823;823;15,83;19,00;2023-01-01;0000-00-00;1
824;824;10,83;13,00;2023-01-01;0000-00-00;1
825;825;10,83;13,00;2023-01-01;0000-00-00;1
826;826;15,83;19,00;2023-01-01;0000-00-00;1
827;827;14,17;17,00;2023-01-01;0000-00-00;1
828;828;14,17;17,00;2023-01-01;0000-00-00;1
829;829;14,17;17,00;2023-01-01;0000-00-00;1
830;830;14,17;17,00;2023-01-01;0000-00-00;1
831;831;14,17;17,00;2023-01-01;0000-00-00;1
832;832;10,83;13,00;2023-01-01;0000-00-00;1
833;833;8,33;10,00;2023-01-01;0000-00-00;1
834;834;15,83;19,00;2023-01-01;0000-00-00;1
835;835;8,33;10,00;2023-01-01;0000-00-00;1
836;836;15,83;19,00;2023-01-01;0000-00-00;1
837;837;10,83;13,00;2023-01-01;0000-00-00;1
838;838;13,33;16,00;2023-01-01;0000-00-00;1
839;839;8,33;10,00;2023-01-01;0000-00-00;1
840;840;13,33;16,00;2023-01-01;0000-00-00;1
841;841;7,08;8,50;2023-01-01;0000-00-00;1
842;842;10,83;13,00;2023-01-01;0000-00-00;1
843;843;7,08;8,50;2023-01-01;0000-00-00;1
844;844;10,83;13,00;2023-01-01;0000-00-00;1
845;845;10,83;13,00;2023-01-01;0000-00-00;1
846;846;10,83;13,00;2023-01-01;0000-00-00;1
847;847;15,00;18,00;2023-01-01;0000-00-00;1
848;848;8,33;10,00;2023-01-01;0000-00-00;1
849;849;15,83;19,00;2023-01-01;0000-00-00;1
850;850;8,33;10,00;2023-01-01;0000-00-00;1
851;851;23,33;28,00;2023-01-01;0000-00-00;1
852;852;9,17;11,00;2023-01-01;0000-00-00;1
853;853;15,83;19,00;2023-01-01;0000-00-00;1
854;854;9,17;11,00;2023-01-01;0000-00-00;1
855;855;10,83;13,00;2023-01-01;0000-00-00;1
856;856;9,17;11,00;2023-01-01;0000-00-00;1
857;857;9,17;11,00;2023-01-01;0000-00-00;1
858;858;9,17;11,00;2023-01-01;0000-00-00;1
859;859;12,50;15,00;2023-01-01;0000-00-00;1
860;860;8,33;10,00;2023-01-01;0000-00-00;1
861;861;9,17;11,00;2023-01-01;0000-00-00;1
862;862;10,00;12,00;2023-01-01;0000-00-00;1
863;863;8,75;10,50;2023-01-01;0000-00-00;1
864;864;7,92;9,50;2023-01-01;0000-00-00;1
865;865;26,67;32,00;2023-01-01;0000-00-00;1
866;866;10,00;12,00;2023-01-01;0000-00-00;1
867;867;11,67;14,00;2023-01-01;0000-00-00;1
868;868;15,00;18,00;2023-01-01;0000-00-00;1
869;869;10,83;13,00;2023-01-01;0000-00-00;1
870;870;26,67;32,00;2023-01-01;0000-00-00;1
871;871;10,83;13,00;2023-01-01;0000-00-00;1
872;872;13,33;16,00;2023-01-01;0000-00-00;1
873;873;15,83;19,00;2023-01-01;0000-00-00;1
874;874;13,33;16,00;2023-01-01;0000-00-00;1
875;875;15,83;19,00;2023-01-01;0000-00-00;1
876;876;10,83;13,00;2023-01-01;0000-00-00;1
877;877;12,50;15,00;2023-01-01;0000-00-00;1
878;878;15,00;18,00;2023-01-01;0000-00-00;1
879;879;13,33;16,00;2023-01-01;0000-00-00;1
880;880;8,75;10,50;2023-01-01;0000-00-00;1
881;881;8,75;10,50;2023-01-01;0000-00-00;1
882;882;10,83;13,00;2023-01-01;0000-00-00;1
883;883;9,17;11,00;2023-01-01;0000-00-00;1
884;884;11,67;14,00;2023-01-01;0000-00-00;1
885;885;13,33;16,00;2023-01-01;0000-00-00;1
886;886;13,33;16,00;2023-01-01;0000-00-00;1
887;887;8,75;10,50;2023-01-01;0000-00-00;1
888;888;8,33;10,00;2023-01-01;0000-00-00;1
889;889;10,00;12,00;2023-01-01;0000-00-00;1
890;890;8,33;10,00;2023-01-01;0000-00-00;1
891;891;9,17;11,00;2023-01-01;0000-00-00;1
892;892;8,33;10,00;2023-01-01;0000-00-00;1
893;893;8,33;10,00;2023-01-01;0000-00-00;1
894;894;8,33;10,00;2023-01-01;0000-00-00;1
895;895;8,33;10,00;2023-01-01;0000-00-00;1
896;896;8,33;10,00;2023-01-01;0000-00-00;1
897;897;9,17;11,00;2023-01-01;0000-00-00;1
898;898;8,75;10,50;2023-01-01;0000-00-00;1
899;899;8,75;10,50;2023-01-01;0000-00-00;1
900;900;8,75;10,50;2023-01-01;0000-00-00;1
901;901;8,75;10,50;2023-01-01;0000-00-00;1
902;902;8,75;10,50;2023-01-01;0000-00-00;1
903;903;8,75;10,50;2023-01-01;0000-00-00;1
904;904;9,17;11,00;2023-01-01;0000-00-00;1
905;905;9,17;11,00;2023-01-01;0000-00-00;1
906;906;8,33;10,00;2023-01-01;0000-00-00;1
907;907;7,92;9,50;2023-01-01;0000-00-00;1
908;908;8,75;10,50;2023-01-01;0000-00-00;1
909;909;8,33;10,00;2023-01-01;0000-00-00;1
910;910;9,17;11,00;2023-01-01;0000-00-00;1
911;911;9,17;11,00;2023-01-01;0000-00-00;1
912;912;9,17;11,00;2023-01-01;0000-00-00;1
913;913;9,17;11,00;2023-01-01;0000-00-00;1
914;914;9,17;11,00;2023-01-01;0000-00-00;1
915;915;9,17;11,00;2023-01-01;0000-00-00;1
916;916;9,17;11,00;2023-01-01;0000-00-00;1
917;917;9,17;11,00;2023-01-01;0000-00-00;1
918;918;9,17;11,00;2023-01-01;0000-00-00;1
919;919;8,75;10,50;2023-01-01;0000-00-00;1
920;920;7,08;8,50;2023-01-01;0000-00-00;1
921;921;10,83;13,00;2023-01-01;0000-00-00;1
922;922;8,75;10,50;2023-01-01;0000-00-00;1
923;923;7,50;9,00;2023-01-01;0000-00-00;1
924;924;7,08;8,50;2023-01-01;0000-00-00;1
925;925;7,50;9,00;2023-01-01;0000-00-00;1
926;926;7,08;8,50;2023-01-01;0000-00-00;1
927;927;7,50;9,00;2023-01-01;0000-00-00;1
928;928;7,50;9,00;2023-01-01;0000-00-00;1
929;929;7,08;8,50;2023-01-01;0000-00-00;1
930;930;7,50;9,00;2023-01-01;0000-00-00;1
931;931;7,50;9,00;2023-01-01;0000-00-00;1
932;932;6,67;8,00;2023-01-01;0000-00-00;1
933;933;8,33;10,00;2023-01-01;0000-00-00;1
934;934;8,75;10,50;2023-01-01;0000-00-00;1
935;935;9,58;11,50;2023-01-01;0000-00-00;1
936;936;8,33;10,00;2023-01-01;0000-00-00;1
937;937;7,50;9,00;2023-01-01;0000-00-00;1
938;938;10,83;13,00;2023-01-01;0000-00-00;1
939;939;9,58;11,50;2023-01-01;0000-00-00;1
940;940;9,17;11,00;2023-01-01;0000-00-00;1
941;941;10,83;13,00;2023-01-01;0000-00-00;1
942;942;10,83;13,00;2023-01-01;0000-00-00;1
943;943;12,50;15,00;2023-01-01;0000-00-00;1
944;944;7,50;9,00;2023-01-01;0000-00-00;1
945;945;7,50;9,00;2023-01-01;0000-00-00;1
946;946;7,08;8,50;2023-01-01;0000-00-00;1
947;947;12,50;15,00;2023-01-01;0000-00-00;1
948;948;8,33;10,00;2023-01-01;0000-00-00;1
949;949;10,83;13,00;2023-01-01;0000-00-00;1
950;950;9,17;11,00;2023-01-01;0000-00-00;1
951;951;9,17;11,00;2023-01-01;0000-00-00;1
952;952;8,33;10,00;2023-01-01;0000-00-00;1
953;953;8,33;10,00;2023-01-01;0000-00-00;1
954;954;7,50;9,00;2023-01-01;0000-00-00;1
955;955;6,67;8,00;2023-01-01;0000-00-00;1
956;956;9,17;11,00;2023-01-01;0000-00-00;1
957;957;12,50;15,00;2023-01-01;0000-00-00;1
958;958;8,75;10,50;2023-01-01;0000-00-00;1
959;959;7,92;9,50;2023-01-01;0000-00-00;1
960;960;10,00;12,00;2023-01-01;0000-00-00;1
961;961;7,92;9,50;2023-01-01;0000-00-00;1
962;962;9,17;11,00;2023-01-01;0000-00-00;1
963;963;9,17;11,00;2023-01-01;0000-00-00;1
964;964;9,17;11,00;2023-01-01;0000-00-00;1
965;965;7,92;9,50;2023-01-01;0000-00-00;1
966;966;8,33;10,00;2023-01-01;0000-00-00;1
967;967;8,33;10,00;2023-01-01;0000-00-00;1
968;968;8,75;10,50;2023-01-01;0000-00-00;1
969;969;10,83;13,00;2023-01-01;0000-00-00;1
970;970;10,83;13,00;2023-01-01;0000-00-00;1
971;971;9,17;11,00;2023-01-01;0000-00-00;1
972;972;8,75;10,50;2023-01-01;0000-00-00;1
973;973;8,33;10,00;2023-01-01;0000-00-00;1
974;974;13,33;16,00;2023-01-01;0000-00-00;1
975;975;8,75;10,50;2023-01-01;0000-00-00;1
976;976;10,00;12,00;2023-01-01;0000-00-00;1
977;977;9,17;11,00;2023-01-01;0000-00-00;1
978;978;10,83;13,00;2023-01-01;0000-00-00;1
979;979;7,92;9,50;2023-01-01;0000-00-00;1
980;980;8,75;10,50;2023-01-01;0000-00-00;1
981;981;7,92;9,50;2023-01-01;0000-00-00;1
982;982;8,75;10,50;2023-01-01;0000-00-00;1
983;983;13,33;16,00;2023-01-01;0000-00-00;1
984;984;13,33;16,00;2023-01-01;0000-00-00;1
985;985;8,75;10,50;2023-01-01;0000-00-00;1
986;986;8,33;10,00;2023-01-01;0000-00-00;1
987;987;8,33;10,00;2023-01-01;0000-00-00;1
988;988;7,92;9,50;2023-01-01;0000-00-00;1
989;989;6,67;8,00;2023-01-01;0000-00-00;1
990;990;8,75;10,50;2023-01-01;0000-00-00;1
991;991;8,75;10,50;2023-01-01;0000-00-00;1
992;992;8,75;10,50;2023-01-01;0000-00-00;1
993;993;9,17;11,00;2023-01-01;0000-00-00;1
994;994;9,17;11,00;2023-01-01;0000-00-00;1
995;995;9,17;11,00;2023-01-01;0000-00-00;1
996;996;9,17;11,00;2023-01-01;0000-00-00;1
997;997;9,17;11,00;2023-01-01;0000-00-00;1
998;998;8,33;10,00;2023-01-01;0000-00-00;1
999;999;8,75;10,50;2023-01-01;0000-00-00;1
1000;1000;9,17;11,00;2023-01-01;0000-00-00;1
1001;1001;8,33;10,00;2023-01-01;0000-00-00;1
1002;1002;10,83;13,00;2023-01-01;0000-00-00;1
1003;1003;9,17;11,00;2023-01-01;0000-00-00;1
1004;1004;9,17;11,00;2023-01-01;0000-00-00;1
1005;1005;9,17;11,00;2023-01-01;0000-00-00;1
1006;1006;9,17;11,00;2023-01-01;0000-00-00;1
1007;1007;8,33;10,00;2023-01-01;0000-00-00;1
1008;1008;8,75;10,50;2023-01-01;0000-00-00;1
1009;1009;10,83;13,00;2023-01-01;0000-00-00;1
1010;1010;6,67;8,00;2023-01-01;0000-00-00;1
1011;1011;6,67;8,00;2023-01-01;0000-00-00;1
1012;1012;5,83;7,00;2023-01-01;0000-00-00;1
1013;1013;7,08;8,50;2023-01-01;0000-00-00;1
1014;1014;2,92;3,50;2023-01-01;0000-00-00;1
1015;1015;8,33;10,00;2023-01-01;0000-00-00;1
1016;1016;8,33;10,00;2023-01-01;0000-00-00;1
1017;1017;5,83;7,00;2023-01-01;0000-00-00;1
1018;1018;10,83;13,00;2023-01-01;0000-00-00;1
1019;1019;5,83;7,00;2023-01-01;0000-00-00;1
1020;1020;6,25;7,50;2023-01-01;0000-00-00;1
1021;1021;9,17;11,00;2023-01-01;0000-00-00;1
1022;1022;8,33;10,00;2023-01-01;0000-00-00;1
1023;1023;10,00;12,00;2023-01-01;0000-00-00;1
1024;1024;2,08;2,50;2023-01-01;0000-00-00;1
1025;1025;7,50;9,00;2023-01-01;0000-00-00;1
1026;1026;8,75;10,50;2023-01-01;0000-00-00;1
1027;1027;8,75;10,50;2023-01-01;0000-00-00;1
1028;1028;9,17;11,00;2023-01-01;0000-00-00;1
1029;1029;8,33;10,00;2023-01-01;0000-00-00;1
1030;1030;8,33;10,00;2023-01-01;0000-00-00;1
1031;1031;9,17;11,00;2023-01-01;0000-00-00;1
1032;1032;10,00;12,00;2023-01-01;0000-00-00;1
1033;1033;10,83;13,00;2023-01-01;0000-00-00;1
1034;1034;9,17;11,00;2023-01-01;0000-00-00;1
1035;1035;9,17;11,00;2023-01-01;0000-00-00;1
1036;1036;10,83;13,00;2023-01-01;0000-00-00;1
1037;1037;9,17;11,00;2023-01-01;0000-00-00;1
1038;1038;9,17;11,00;2023-01-01;0000-00-00;1
1039;1039;9,17;11,00;2023-01-01;0000-00-00;1
1040;1040;10,83;13,00;2023-01-01;0000-00-00;1
1041;1041;10,83;13,00;2023-01-01;0000-00-00;1
1042;1042;10,00;12,00;2023-01-01;0000-00-00;1
1043;1043;10,00;12,00;2023-01-01;0000-00-00;1
1044;1044;10,00;12,00;2023-01-01;0000-00-00;1
1045;1045;8,75;10,50;2023-01-01;0000-00-00;1
1046;1046;10,00;12,00;2023-01-01;0000-00-00;1
1047;1047;15,83;19,00;2023-01-01;0000-00-00;1
1048;1048;13,33;16,00;2023-01-01;0000-00-00;1
1049;1049;15,83;19,00;2023-01-01;0000-00-00;1
1050;1050;10,00;12,00;2023-01-01;0000-00-00;1
1051;1051;15,00;18,00;2023-01-01;0000-00-00;1
1052;1052;14,17;17,00;2023-01-01;0000-00-00;1
1053;1053;10,83;13,00;2023-01-01;0000-00-00;1
1054;1054;10,83;13,00;2023-01-01;0000-00-00;1
1055;1055;10,83;13,00;2023-01-01;0000-00-00;1
1056;1056;14,17;17,00;2023-01-01;0000-00-00;1
1057;1057;9,17;11,00;2023-01-01;0000-00-00;1
1058;1058;26,67;32,00;2023-01-01;0000-00-00;1
1059;1059;26,67;32,00;2023-01-01;0000-00-00;1
1060;1060;9,17;11,00;2023-01-01;0000-00-00;1
1061;1061;6,25;7,50;2023-01-01;0000-00-00;1
1062;1062;7,92;9,50;2023-01-01;0000-00-00;1
1063;1063;11,67;14,00;2023-01-01;0000-00-00;1
1064;1064;6,25;7,50;2023-01-01;0000-00-00;1
1065;1065;6,67;8,00;2023-01-01;0000-00-00;1
1066;1066;10,00;12,00;2023-01-01;0000-00-00;1
1067;1067;6,67;8,00;2023-01-01;0000-00-00;1
1068;1068;5,83;7,00;2023-01-01;0000-00-00;1
1069;1069;3,75;4,50;2023-01-01;0000-00-00;1
1070;1070;9,17;11,00;2023-01-01;0000-00-00;1
1071;1071;10,83;13,00;2023-01-01;0000-00-00;1
1072;1072;8,33;10,00;2023-01-01;0000-00-00;1
1073;1073;7,50;9,00;2023-01-01;0000-00-00;1
1074;1074;10,00;12,00;2023-01-01;0000-00-00;1
1075;1075;7,50;9,00;2023-01-01;0000-00-00;1
1076;1076;6,25;7,50;2023-01-01;0000-00-00;1
1077;1077;6,67;8,00;2023-01-01;0000-00-00;1
1078;1078;2,92;3,50;2023-01-01;0000-00-00;1
1079;1079;6,25;7,50;2023-01-01;0000-00-00;1
1080;1080;6,25;7,50;2023-01-01;0000-00-00;1
1081;1081;9,17;11,00;2023-01-01;0000-00-00;1
1082;1082;6,67;8,00;2023-01-01;0000-00-00;1
1083;1083;6,25;7,50;2023-01-01;0000-00-00;1
1084;1084;6,67;8,00;2023-01-01;0000-00-00;1
1085;1085;6,67;8,00;2023-01-01;0000-00-00;1
1086;1086;8,33;10,00;2023-01-01;0000-00-00;1
1087;1087;8,33;10,00;2023-01-01;0000-00-00;1
1088;1088;6,25;7,50;2023-01-01;0000-00-00;1
1089;1089;9,17;11,00;2023-01-01;0000-00-00;1
1090;1090;6,25;7,50;2023-01-01;0000-00-00;1
1091;1091;6,25;7,50;2023-01-01;0000-00-00;1
1092;1092;6,25;7,50;2023-01-01;0000-00-00;1
1093;1093;6,25;7,50;2023-01-01;0000-00-00;1
1094;1094;9,17;11,00;2023-01-01;0000-00-00;1
1095;1095;9,17;11,00;2023-01-01;0000-00-00;1
1096;1096;9,17;11,00;2023-01-01;0000-00-00;1
1097;1097;8,33;10,00;2023-01-01;0000-00-00;1
1098;1098;6,67;8,00;2023-01-01;0000-00-00;1
1099;1099;9,17;11,00;2023-01-01;0000-00-00;1
1100;1100;7,92;9,50;2023-01-01;0000-00-00;1
1101;1101;9,17;11,00;2023-01-01;0000-00-00;1
1102;1102;10,00;12,00;2023-01-01;0000-00-00;1
1103;1103;7,92;9,50;2023-01-01;0000-00-00;1
1104;1104;10,00;12,00;2023-01-01;0000-00-00;1
1105;1105;9,17;11,00;2023-01-01;0000-00-00;1
1106;1106;9,17;11,00;2023-01-01;0000-00-00;1
1107;1107;9,17;11,00;2023-01-01;0000-00-00;1
1108;1108;8,33;10,00;2023-01-01;0000-00-00;1
1109;1109;9,17;11,00;2023-01-01;0000-00-00;1
1110;1110;7,92;9,50;2023-01-01;0000-00-00;1
1111;1111;7,92;9,50;2023-01-01;0000-00-00;1
1112;1112;7,92;9,50;2023-01-01;0000-00-00;1
1113;1113;7,92;9,50;2023-01-01;0000-00-00;1
1114;1114;6,25;7,50;2023-01-01;0000-00-00;1
1115;1115;13,33;16,00;2023-01-01;0000-00-00;1
1116;1116;8,33;10,00;2023-01-01;0000-00-00;1
1117;1117;13,33;16,00;2023-01-01;0000-00-00;1
1118;1118;11,67;14,00;2023-01-01;0000-00-00;1
1119;1119;6,67;8,00;2023-01-01;0000-00-00;1
1120;1120;8,75;10,50;2023-01-01;0000-00-00;1
1121;1121;7,50;9,00;2023-01-01;0000-00-00;1
1122;1122;10,83;13,00;2023-01-01;0000-00-00;1
1123;1123;18,33;22,00;2023-01-01;0000-00-00;1
1124;1124;10,83;13,00;2023-01-01;0000-00-00;1
1125;1125;6,67;8,00;2023-01-01;0000-00-00;1
1126;1126;7,92;9,50;2023-01-01;0000-00-00;1
1127;1127;8,75;10,50;2023-01-01;0000-00-00;1
1128;1128;6,25;7,50;2023-01-01;0000-00-00;1
1129;1129;9,17;11,00;2023-01-01;0000-00-00;1
1130;1130;6,67;8,00;2023-01-01;0000-00-00;1
1131;1131;8,75;10,50;2023-01-01;0000-00-00;1
1132;1132;9,17;11,00;2023-01-01;0000-00-00;1
1133;1133;7,50;9,00;2023-01-01;0000-00-00;1
1134;1134;9,17;11,00;2023-01-01;0000-00-00;1
1135;1135;8,75;10,50;2023-01-01;0000-00-00;1
1136;1136;4,17;5,00;2023-01-01;0000-00-00;1
1137;1137;14,17;17,00;2023-01-01;0000-00-00;1
1138;1138;8,75;10,50;2023-01-01;0000-00-00;1
1139;1139;9,17;11,00;2023-01-01;0000-00-00;1
1140;1140;9,17;11,00;2023-01-01;0000-00-00;1
1141;1141;9,17;11,00;2023-01-01;0000-00-00;1
1142;1142;9,17;11,00;2023-01-01;0000-00-00;1
1143;1143;9,17;11,00;2023-01-01;0000-00-00;1
1144;1144;9,17;11,00;2023-01-01;0000-00-00;1
1145;1145;8,75;10,50;2023-01-01;0000-00-00;1
1146;1146;9,17;11,00;2023-01-01;0000-00-00;1
1147;1147;13,33;16,00;2023-01-01;0000-00-00;1
1148;1148;9,17;11,00;2023-01-01;0000-00-00;1
1149;1149;9,17;11,00;2023-01-01;0000-00-00;1
1150;1150;8,75;10,50;2023-01-01;0000-00-00;1
1151;1151;4,17;5,00;2023-01-01;0000-00-00;1
1152;1152;8,75;10,50;2023-01-01;0000-00-00;1
1153;1153;1,25;1,50;2023-01-01;0000-00-00;1
1154;1154;13,33;16,00;2023-01-01;0000-00-00;1
1155;1155;1,25;1,50;2023-01-01;0000-00-00;1
1156;1156;13,33;16,00;2023-01-01;0000-00-00;1
1157;1157;1,25;1,50;2023-01-01;0000-00-00;1
1158;1158;1,25;1,50;2023-01-01;0000-00-00;1
1159;1159;8,75;10,50;2023-01-01;0000-00-00;1
1160;1160;1,25;1,50;2023-01-01;0000-00-00;1
1161;1161;1,25;1,50;2023-01-01;0000-00-00;1
1162;1162;7,50;9,00;2023-01-01;0000-00-00;1
1163;1163;1,25;1,50;2023-01-01;0000-00-00;1
1164;1164;8,75;10,50;2023-01-01;0000-00-00;1
1165;1165;1,25;1,50;2023-01-01;0000-00-00;1
1166;1166;13,33;16,00;2023-01-01;0000-00-00;1
1167;1167;1,25;1,50;2023-01-01;0000-00-00;1
1168;1168;1,67;2,00;2023-01-01;0000-00-00;1
1169;1169;1,67;2,00;2023-01-01;0000-00-00;1
1170;1170;12,50;15,00;2023-01-01;0000-00-00;1
1171;1171;5,42;6,50;2023-01-01;0000-00-00;1
1172;1172;5,42;6,50;2023-01-01;0000-00-00;1
1173;1173;5,42;6,50;2023-01-01;0000-00-00;1
1174;1174;10,83;13,00;2023-01-01;0000-00-00;1
1175;1175;2,92;3,50;2023-01-01;0000-00-00;1
1176;1176;2,92;3,50;2023-01-01;0000-00-00;1
1177;1177;2,92;3,50;2023-01-01;0000-00-00;1
1178;1178;2,92;3,50;2023-01-01;0000-00-00;1
1179;1179;5,00;6,00;2023-01-01;0000-00-00;1
1180;1180;5,00;6,00;2023-01-01;0000-00-00;1
1181;1181;5,42;6,50;2023-01-01;0000-00-00;1
1182;1182;1,25;1,50;2023-01-01;0000-00-00;1
1183;1183;2,50;3,00;2023-01-01;0000-00-00;1
1184;1184;1,67;2,00;2023-01-01;0000-00-00;1
1185;1185;1,67;2,00;2023-01-01;0000-00-00;1
1186;1186;1,25;1,50;2023-01-01;0000-00-00;1
1187;1187;1,25;1,50;2023-01-01;0000-00-00;1
1188;1188;1,67;2,00;2023-01-01;0000-00-00;1
1189;1189;1,67;2,00;2023-01-01;0000-00-00;1
1190;1190;1,67;2,00;2023-01-01;0000-00-00;1
1191;1191;1,67;2,00;2023-01-01;0000-00-00;1
1192;1192;1,67;2,00;2023-01-01;0000-00-00;1
1193;1193;2,92;3,50;2023-01-01;0000-00-00;1
1194;1194;2,92;3,50;2023-01-01;0000-00-00;1
1195;1195;2,92;3,50;2023-01-01;0000-00-00;1
1196;1196;2,92;3,50;2023-01-01;0000-00-00;1
1197;1197;2,50;3,00;2023-01-01;0000-00-00;1
1198;1198;2,50;3,00;2023-01-01;0000-00-00;1
1199;1199;2,50;3,00;2023-01-01;0000-00-00;1
1200;1200;2,08;2,50;2023-01-01;0000-00-00;1
1201;1201;2,08;2,50;2023-01-01;0000-00-00;1
1202;1202;1,67;2,00;2023-01-01;0000-00-00;1
1203;1203;2,92;3,50;2023-01-01;0000-00-00;1
1204;1204;2,50;3,00;2023-01-01;0000-00-00;1
1205;1205;2,08;2,50;2023-01-01;0000-00-00;1
1206;1206;2,08;2,50;2023-01-01;0000-00-00;1
1207;1207;2,08;2,50;2023-01-01;0000-00-00;1
1208;1208;2,08;2,50;2023-01-01;0000-00-00;1
1209;1209;2,50;3,00;2023-01-01;0000-00-00;1
1210;1210;2,50;3,00;2023-01-01;0000-00-00;1
1211;1211;2,92;3,50;2023-01-01;0000-00-00;1
1212;1212;2,50;3,00;2023-01-01;0000-00-00;1
1213;1213;2,50;3,00;2023-01-01;0000-00-00;1
1214;1214;2,50;3,00;2023-01-01;0000-00-00;1
1215;1215;2,50;3,00;2023-01-01;0000-00-00;1
1216;1216;2,50;3,00;2023-01-01;0000-00-00;1
1217;1217;2,50;3,00;2023-01-01;0000-00-00;1
1218;1218;2,50;3,00;2023-01-01;0000-00-00;1
1219;1219;2,92;3,50;2023-01-01;0000-00-00;1
1220;1220;2,92;3,50;2023-01-01;0000-00-00;1
1221;1221;2,92;3,50;2023-01-01;0000-00-00;1
1222;1222;2,92;3,50;2023-01-01;0000-00-00;1
1223;1223;2,92;3,50;2023-01-01;0000-00-00;1
1224;1224;2,92;3,50;2023-01-01;0000-00-00;1
1225;1225;2,92;3,50;2023-01-01;0000-00-00;1
1226;1226;2,92;3,50;2023-01-01;0000-00-00;1
1227;1227;1,67;2,00;2023-01-01;0000-00-00;1
1228;1228;1,67;2,00;2023-01-01;0000-00-00;1
1229;1229;2,08;2,50;2023-01-01;0000-00-00;1
1230;1230;2,50;3,00;2023-01-01;0000-00-00;1
1231;1231;2,08;2,50;2023-01-01;0000-00-00;1
1232;1232;2,50;3,00;2023-01-01;0000-00-00;1
1233;1233;2,92;3,50;2023-01-01;0000-00-00;1
1234;1234;2,92;3,50;2023-01-01;0000-00-00;1
1235;1235;2,92;3,50;2023-01-01;0000-00-00;1
1236;1236;2,92;3,50;2023-01-01;0000-00-00;1
1237;1237;2,92;3,50;2023-01-01;0000-00-00;1
1238;1238;2,92;3,50;2023-01-01;0000-00-00;1
1239;1239;1,67;2,00;2023-01-01;0000-00-00;1
1240;1240;2,08;2,50;2023-01-01;0000-00-00;1
1241;1241;2,50;3,00;2023-01-01;0000-00-00;1
1242;1242;2,08;2,50;2023-01-01;0000-00-00;1
1243;1243;2,50;3,00;2023-01-01;0000-00-00;1
1244;1244;2,50;3,00;2023-01-01;0000-00-00;1
1245;1245;1,67;2,00;2023-01-01;0000-00-00;1
1246;1246;2,50;3,00;2023-01-01;0000-00-00;1
1247;1247;1,67;2,00;2023-01-01;0000-00-00;1
1248;1248;2,50;3,00;2023-01-01;0000-00-00;1
1249;1249;1,67;2,00;2023-01-01;0000-00-00;1
1250;1250;2,92;3,50;2023-01-01;0000-00-00;1
1251;1251;1,67;2,00;2023-01-01;0000-00-00;1
1252;1252;2,08;2,50;2023-01-01;0000-00-00;1
1253;1253;2,08;2,50;2023-01-01;0000-00-00;1
1254;1254;1,25;1,50;2023-01-01;0000-00-00;1
1255;1255;2,08;2,50;2023-01-01;0000-00-00;1
1256;1256;2,08;2,50;2023-01-01;0000-00-00;1
1257;1257;2,92;3,50;2023-01-01;0000-00-00;1
1258;1258;2,92;3,50;2023-01-01;0000-00-00;1
1259;1259;2,92;3,50;2023-01-01;0000-00-00;1
1260;1260;2,50;3,00;2023-01-01;0000-00-00;1
1261;1261;2,92;3,50;2023-01-01;0000-00-00;1
1262;1262;2,92;3,50;2023-01-01;0000-00-00;1
1263;1263;2,50;3,00;2023-01-01;0000-00-00;1
1264;1264;2,50;3,00;2023-01-01;0000-00-00;1
1265;1265;2,92;3,50;2023-01-01;0000-00-00;1
1266;1266;2,92;3,50;2023-01-01;0000-00-00;1
1267;1267;2,92;3,50;2023-01-01;0000-00-00;1
1268;1268;2,92;3,50;2023-01-01;0000-00-00;1
1269;1269;2,92;3,50;2023-01-01;0000-00-00;1
1270;1270;0,83;1,00;2023-01-01;0000-00-00;1
1271;1271;2,08;2,50;2023-01-01;0000-00-00;1
1272;1272;1,67;2,00;2023-01-01;0000-00-00;1
1273;1273;1,67;2,00;2023-01-01;0000-00-00;1
1274;1274;2,08;2,50;2023-01-01;0000-00-00;1
1275;1275;1,25;1,50;2023-01-01;0000-00-00;1
1276;1276;5,00;6,00;2023-01-01;0000-00-00;1
1277;1277;1,25;1,50;2023-01-01;0000-00-00;1
1278;1278;6,25;7,50;2023-01-01;0000-00-00;1
1279;1279;7,92;9,50;2023-01-01;0000-00-00;1
1280;1280;8,75;10,50;2023-01-01;0000-00-00;1
1281;1281;7,92;9,50;2023-01-01;0000-00-00;1
1282;1282;1,25;1,50;2023-01-01;0000-00-00;1
1283;1283;1,25;1,50;2023-01-01;0000-00-00;1
1284;1284;1,25;1,50;2023-01-01;0000-00-00;1
1285;1285;1,25;1,50;2023-01-01;0000-00-00;1
1286;1286;1,25;1,50;2023-01-01;0000-00-00;1
1287;1287;1,25;1,50;2023-01-01;0000-00-00;1
1288;1288;1,25;1,50;2023-01-01;0000-00-00;1
1289;1289;1,25;1,50;2023-01-01;0000-00-00;1
1290;1290;1,25;1,50;2023-01-01;0000-00-00;1
1291;1291;1,25;1,50;2023-01-01;0000-00-00;1
1292;1292;1,25;1,50;2023-01-01;0000-00-00;1
1293;1293;1,25;1,50;2023-01-01;0000-00-00;1
1294;1294;1,25;1,50;2023-01-01;0000-00-00;1
1295;1295;7,08;8,50;2023-01-01;0000-00-00;1
1296;1296;7,08;8,50;2023-01-01;0000-00-00;1
1297;1297;1,25;1,50;2023-01-01;0000-00-00;1
1298;1298;1,25;1,50;2023-01-01;0000-00-00;1
1299;1299;1,25;1,50;2023-01-01;0000-00-00;1
1300;1300;1,25;1,50;2023-01-01;0000-00-00;1
1301;1301;3,33;4,00;2023-01-01;0000-00-00;1
1302;1302;1,25;1,50;2023-01-01;0000-00-00;1
1303;1303;1,25;1,50;2023-01-01;0000-00-00;1
1304;1304;0,83;1,00;2023-01-01;0000-00-00;1
1305;1305;0,83;1,00;2023-01-01;0000-00-00;1
1306;1306;1,67;2,00;2023-01-01;0000-00-00;1
1307;1307;0,83;1,00;2023-01-01;0000-00-00;1
1308;1308;1,67;2,00;2023-01-01;0000-00-00;1
1309;1309;1,67;2,00;2023-01-01;0000-00-00;1
1310;1310;1,67;2,00;2023-01-01;0000-00-00;1
1311;1311;1,67;2,00;2023-01-01;0000-00-00;1
1312;1312;1,67;2,00;2023-01-01;0000-00-00;1
1313;1313;1,67;2,00;2023-01-01;0000-00-00;1
1314;1314;1,67;2,00;2023-01-01;0000-00-00;1
1315;1315;1,67;2,00;2023-01-01;0000-00-00;1
1316;1316;1,67;2,00;2023-01-01;0000-00-00;1
1317;1317;1,67;2,00;2023-01-01;0000-00-00;1
1318;1318;1,67;2,00;2023-01-01;0000-00-00;1
1319;1319;1,67;2,00;2023-01-01;0000-00-00;1
1320;1320;1,25;1,50;2023-01-01;0000-00-00;1
1321;1321;1,25;1,50;2023-01-01;0000-00-00;1
1322;1322;1,25;1,50;2023-01-01;0000-00-00;1
1323;1323;1,25;1,50;2023-01-01;0000-00-00;1
1324;1324;1,25;1,50;2023-01-01;0000-00-00;1
1325;1325;1,67;2,00;2023-01-01;0000-00-00;1
1326;1326;1,25;1,50;2023-01-01;0000-00-00;1
1327;1327;3,33;4,00;2023-01-01;0000-00-00;1
1328;1328;3,33;4,00;2023-01-01;0000-00-00;1
1329;1329;2,08;2,50;2023-01-01;0000-00-00;1
1330;1330;2,92;3,50;2023-01-01;0000-00-00;1
1331;1331;2,92;3,50;2023-01-01;0000-00-00;1
1332;1332;2,92;3,50;2023-01-01;0000-00-00;1
1333;1333;1,67;2,00;2023-01-01;0000-00-00;1
1334;1334;1,25;1,50;2023-01-01;0000-00-00;1
1335;1335;2,08;2,50;2023-01-01;0000-00-00;1
1336;1336;1,67;2,00;2023-01-01;0000-00-00;1
1337;1337;1,67;2,00;2023-01-01;0000-00-00;1
1338;1338;1,25;1,50;2023-01-01;0000-00-00;1
1339;1339;1,25;1,50;2023-01-01;0000-00-00;1
1340;1340;1,25;1,50;2023-01-01;0000-00-00;1
1341;1341;1,25;1,50;2023-01-01;0000-00-00;1
1342;1342;1,25;1,50;2023-01-01;0000-00-00;1
1343;1343;2,92;3,50;2023-01-01;0000-00-00;1
1344;1344;3,33;4,00;2023-01-01;0000-00-00;1
1345;1345;4,17;5,00;2023-01-01;0000-00-00;1
1346;1346;4,17;5,00;2023-01-01;0000-00-00;1
1347;1347;5,83;7,00;2023-01-01;0000-00-00;1
1348;1348;5,83;7,00;2023-01-01;0000-00-00;1
1349;1349;2,92;3,50;2023-01-01;0000-00-00;1
1350;1350;2,92;3,50;2023-01-01;0000-00-00;1
1351;1351;2,92;3,50;2023-01-01;0000-00-00;1
1352;1352;2,92;3,50;2023-01-01;0000-00-00;1
1353;1353;2,92;3,50;2023-01-01;0000-00-00;1
1354;1354;2,92;3,50;2023-01-01;0000-00-00;1
1355;1355;2,50;3,00;2023-01-01;0000-00-00;1
1356;1356;0,83;1,00;2023-01-01;0000-00-00;1
1357;1357;0,83;1,00;2023-01-01;0000-00-00;1
1358;1358;0,83;1,00;2023-01-01;0000-00-00;1
1359;1359;0,83;1,00;2023-01-01;0000-00-00;1
1360;1360;1,67;2,00;2023-01-01;0000-00-00;1
1361;1361;2,92;3,50;2023-01-01;0000-00-00;1
1362;1362;4,17;5,00;2023-01-01;0000-00-00;1
1363;1363;2,50;3,00;2023-01-01;0000-00-00;1
1364;1364;2,50;3,00;2023-01-01;0000-00-00;1
1365;1365;2,50;3,00;2023-01-01;0000-00-00;1
1366;1366;4,17;5,00;2023-01-01;0000-00-00;1
1367;1367;4,17;5,00;2023-01-01;0000-00-00;1
1368;1368;9,17;11,00;2023-01-01;0000-00-00;1
1369;1369;5,00;6,00;2023-01-01;0000-00-00;1
1370;1370;4,17;5,00;2023-01-01;0000-00-00;1
1371;1371;3,75;4,50;2023-01-01;0000-00-00;1
1372;1372;3,75;4,50;2023-01-01;0000-00-00;1
1373;1373;2,08;2,50;2023-01-01;0000-00-00;1
1374;1374;2,08;2,50;2023-01-01;0000-00-00;1
1375;1375;2,08;2,50;2023-01-01;0000-00-00;1
1376;1376;2,08;2,50;2023-01-01;0000-00-00;1
1377;1377;2,08;2,50;2023-01-01;0000-00-00;1
1378;1378;1,67;2,00;2023-01-01;0000-00-00;1
1379;1379;2,08;2,50;2023-01-01;0000-00-00;1
1380;1380;12,50;15,00;2023-01-01;0000-00-00;1
1381;1381;5,42;6,50;2023-01-01;0000-00-00;1
1382;1382;5,42;6,50;2023-01-01;0000-00-00;1
1383;1383;5,83;7,00;2023-01-01;0000-00-00;1
1384;1384;5,42;6,50;2023-01-01;0000-00-00;1
1385;1385;10,00;12,00;2023-01-01;0000-00-00;1
1386;1386;6,67;8,00;2023-01-01;0000-00-00;1
1387;1387;5,00;6,00;2023-01-01;0000-00-00;1
1388;1388;5,42;6,50;2023-01-01;0000-00-00;1
1389;1389;7,50;9,00;2023-01-01;0000-00-00;1
1390;1390;15,00;18,00;2023-01-01;0000-00-00;1
1391;1391;5,42;6,50;2023-01-01;0000-00-00;1
1392;1392;7,08;8,50;2023-01-01;0000-00-00;1
1393;1393;13,33;16,00;2023-01-01;0000-00-00;1
1394;1394;7,50;9,00;2023-01-01;0000-00-00;1
1395;1395;13,33;16,00;2023-01-01;0000-00-00;1
1396;1396;9,17;11,00;2023-01-01;0000-00-00;1
1397;1397;15,00;18,00;2023-01-01;0000-00-00;1
1398;1398;9,17;11,00;2023-01-01;0000-00-00;1
1399;1399;8,33;10,00;2023-01-01;0000-00-00;1
1400;1400;13,33;16,00;2023-01-01;0000-00-00;1
1401;1401;5,00;6,00;2023-01-01;0000-00-00;1
1402;1402;7,50;9,00;2023-01-01;0000-00-00;1
1403;1403;5,00;6,00;2023-01-01;0000-00-00;1
1404;1404;7,50;9,00;2023-01-01;0000-00-00;1
1405;1405;15,00;18,00;2023-01-01;0000-00-00;1
1406;1406;5,83;7,00;2023-01-01;0000-00-00;1
1407;1407;5,42;6,50;2023-01-01;0000-00-00;1
1408;1408;7,50;9,00;2023-01-01;0000-00-00;1
1409;1409;5,83;7,00;2023-01-01;0000-00-00;1
1410;1410;10,83;13,00;2023-01-01;0000-00-00;1
1411;1411;9,17;11,00;2023-01-01;0000-00-00;1
1412;1412;8,33;10,00;2023-01-01;0000-00-00;1
1413;1413;7,92;9,50;2023-01-01;0000-00-00;1
1414;1414;5,42;6,50;2023-01-01;0000-00-00;1
1415;1415;5,42;6,50;2023-01-01;0000-00-00;1
1416;1416;4,58;5,50;2023-01-01;0000-00-00;1
1417;1417;7,08;8,50;2023-01-01;0000-00-00;1
1418;1418;5,00;6,00;2023-01-01;0000-00-00;1
1419;1419;8,33;10,00;2023-01-01;0000-00-00;1
1420;1420;5,83;7,00;2023-01-01;0000-00-00;1
1421;1421;7,08;8,50;2023-01-01;0000-00-00;1
1422;1422;7,08;8,50;2023-01-01;0000-00-00;1
1423;1423;7,92;9,50;2023-01-01;0000-00-00;1
1424;1424;7,92;9,50;2023-01-01;0000-00-00;1
1425;1425;9,17;11,00;2023-01-01;0000-00-00;1
1426;1426;1,25;1,50;2023-01-01;0000-00-00;1
1427;1427;5,83;7,00;2023-01-01;0000-00-00;1
1428;1428;10,00;12,00;2023-01-01;0000-00-00;1
1429;1429;6,67;8,00;2023-01-01;0000-00-00;1
1430;1430;5,00;6,00;2023-01-01;0000-00-00;1
1431;1431;5,00;6,00;2023-01-01;0000-00-00;1
1432;1432;7,08;8,50;2023-01-01;0000-00-00;1
1433;1433;4,17;5,00;2023-01-01;0000-00-00;1
1434;1434;5,83;7,00;2023-01-01;0000-00-00;1
1435;1435;7,50;9,00;2023-01-01;0000-00-00;1
1436;1436;7,50;9,00;2023-01-01;0000-00-00;1
1437;1437;10,00;12,00;2023-01-01;0000-00-00;1
1438;1438;10,00;12,00;2023-01-01;0000-00-00;1
1439;1439;10,00;12,00;2023-01-01;0000-00-00;1
1440;1440;10,00;12,00;2023-01-01;0000-00-00;1
1441;1441;6,67;8,00;2023-01-01;0000-00-00;1
1442;1442;9,17;11,00;2023-01-01;0000-00-00;1
1443;1443;9,17;11,00;2023-01-01;0000-00-00;1
1444;1444;9,17;11,00;2023-01-01;0000-00-00;1
1445;1445;9,17;11,00;2023-01-01;0000-00-00;1
1446;1446;9,17;11,00;2023-01-01;0000-00-00;1
1447;1447;7,92;9,50;2023-01-01;0000-00-00;1
1448;1448;6,25;7,50;2023-01-01;0000-00-00;1
1449;1449;6,25;7,50;2023-01-01;0000-00-00;1
1450;1450;5,83;7,00;2023-01-01;0000-00-00;1
1451;1451;10,00;12,00;2023-01-01;0000-00-00;1
1452;1452;6,67;8,00;2023-01-01;0000-00-00;1
1453;1453;8,75;10,50;2023-01-01;0000-00-00;1
1454;1454;7,50;9,00;2023-01-01;0000-00-00;1
1455;1455;10,00;12,00;2023-01-01;0000-00-00;1
1456;1456;1,25;1,50;2023-01-01;0000-00-00;1
1457;1457;5,83;7,00;2023-01-01;0000-00-00;1
1458;1458;5,83;7,00;2023-01-01;0000-00-00;1
1459;1459;5,83;7,00;2023-01-01;0000-00-00;1
1460;1460;8,75;10,50;2023-01-01;0000-00-00;1